﻿{
  "allPage": {
    "Title": "LABORO管理者画面",
    "Description": "Leading Japanese language proficiency-test bank for all JPLT levels N5-N1. All test questions have been compiled by highly experienced teachers. Easy to register! And you will have the result right after finishing the test.",
    "Keywords": "Dekiru test, TryJLPT test, Japanese online test, Japanese mock test, JLPT test, profiency test, EJU, N5 test, N4 test, N3 test, N2 test, N1 test",
    "Avatar": "/images-fix/share-fb.jpg"
  }
}