﻿{
  "allPage": {
    "Title": "Enterprise management",
    "Description": "Bài thi đánh giá năng lực tiếng Nhật chất lượng hàng đầu cho tất cả các trình độ JLPT N5, N4, N3, N2, N1. Tất cả các câu hỏi trong đề thi đều được biên soạn bởi các giáo viên có nhiều năm kinh nghiệm. Đăng ký thi đơn giản, nhận kết quả ngay sau khi nộp bài.",
    "Keywords": "Dekiru đề thi, TryJLPT đề thi, đề thi online tiếng Nhật, đề thi trực tuyến tiếng Nhật, đề thi thử tiếng Nhật, đề thi JLPT, đề thi kiểm tra năng lực, đề thi đại học tiếng Nhật, de thi n5, n4, n3, n2, n1",
    "Avatar": "/images-fix/share-fb.jpg"
  }
}